auc_long,best_threshold,precision_long,recall_long,f1_long,coverage_predicted_short,rmse_predicted_short,mae_predicted_short,r2_predicted_short,rmse_actual_short,mae_actual_short,r2_actual_short
0.6651776144541418,0.3,0.5333333333333333,0.0761904761904762,0.13333333333333333,0.9888806523350631,14.591161554957218,6.797193733000726,0.014018195158088775,5.9537944391494975,4.185675679010142,0.16124261457304523
