Version,RMSE (hours),MAE (hours),R² Score
V1,5.688107093585422,4.351167706802327,0.24217819115178973
V3,5.20712448059543,3.9361693919794534,0.3649213831512552
BASELINE (RF),5.95,4.19,0.161
