Metric,Value,Target,Status
Overall Accuracy,0.8177777777777778,0.8,✅
ROC-AUC,0.7409530791788856,0.85,❌
Precision (Long),0.19911504424778761,0.7,❌
Recall (Long),0.4090909090909091,0.75,❌
F1-Score (Long),0.26785714285714285,0.72,❌
