model,rmse,mae,r2
MLP_short_v2,5.962394907404554,4.382065455036689,0.15610374621024048
RF_short_v2,5.797805751696087,4.113332942880813,0.20205142050180525
