model,rmse,mae,r2
MLP_short,6.034754634187328,4.831088419976409,0.13549637591434915
RF_short,6.310638267741369,4.917202316479646,0.05464667122628064
