model,rmse,mae,r2
MLP_v1,5.981909461160425,4.456474235314317,0.15057066466602553
RF_v2,5.797805751696087,4.113332942880813,0.20205142050180525
MLP_Enhanced_v3,5.7401574597400105,4.084396893124007,0.2178407314826365
