month,RMSE,MAE,R2
Dec,9.45368118149883,5.753519721411708,0.14876617609195153
Jan,10.50217093872572,6.670920974722379,0.24163674935178092
