month,RMSE,MAE,R2
Dec,21.48226180784574,15.594763176843236,-0.577631679838575
Jan,13.605206753602323,5.025658996925374,-0.08240393344268204
