model,thr,f1,prec,rec,auc
Baseline_MLP,0.14102564102564102,0.26595744680851063,0.30120481927710846,0.23809523809523808,0.6651776144541418
HistGradientBoosting,0.6333333333333333,0.42758620689655175,0.33513513513513515,0.5904761904761905,0.8465013014852244
GradientBoosting,0.4487179487179487,0.39069767441860465,0.38181818181818183,0.4,0.8225922523350176
