auc_long,threshold,precision_long,recall_long,f1_long,coverage_short,rmse_routed_short,mae_routed_short,r2_routed_short,rmse_actual_short,mae_actual_short,r2_actual_short
0.7505955904113643,0.6948717948717948,0.3082706766917293,0.3761467889908257,0.33884297520661155,0.9014084507042254,11.591013414947813,6.518109836498266,-0.0814716214435045,6.470223161546148,4.818431773478253,0.019449218209969366
